Year,Avg Annual HOUREARN
2007,24.69416666666667
2008,24.72583333333333
2009,25.479166666666668
2010,26.365000000000006
2011,26.911666666666665
2012,26.9075
2013,27.015833333333333
2014,27.49
2015,28.133333333333336
2016,28.969166666666666
2017,30.05666666666667
2018,30.98
2019,32.44916666666666
2020,34.402499999999996
2021,36.071666666666665
2022,37.44
